id;code;category_name;status;update_time;creation_time
1;Table;projection Versatile;18566;2021-08-21T11:48:24;2021-08-22T05:27:33
2;bypassing SCSI applications;e-commerce;2720;2021-08-22T07:38:31;2021-08-21T13:00:05
3;transmitting XML orchestrate;Nevada enterprise Belarussian Ruble;2052;2021-08-22T06:11:26;2021-08-21T14:22:20
4;Soap Chad Regional;architectures red;17869;2021-08-21T22:05:55;2021-08-22T04:56:55
5;Program Identity;fresh-thinking Designer;24872;2021-08-21T17:41:35;2021-08-22T02:36:38
6;Chicken violet;Home Loan Account deposit;12226;2021-08-21T14:17:36;2021-08-21T19:59:05
7;pink Investor;compress;30057;2021-08-22T08:32:35;2021-08-22T02:13:29
8;Future Specialist bypass;California;66292;2021-08-21T22:03:58;2021-08-21T13:30:17
9;throughput Home Loan Account revolutionize;District withdrawal;25972;2021-08-22T00:49:18;2021-08-21T15:25:26
10;Liechtenstein;invoice;51091;2021-08-21T21:35:23;2021-08-21T12:03:03
