id;name;code;description;status;is_link;update_time;type
1;CSS Refined;Facilitator Beauty;Investment Account program internet solution;68817;PCI;2021-06-04T06:24:53;18763
2;deposit Home Loan Account Balboa US Dollar;card;frictionless;61698;Mauritania e-commerce;2021-06-04T05:37:30;21160
3;optimize Streamlined;Greens payment Falkland Islands Pound;Marketing Jamaica;347;deploy Tuvalu sky blue;2021-06-04T21:43:36;58618
4;Steel;database;Avon;49053;IB;2021-06-04T06:01:01;12122
5;back-end Multi-channelled;wireless Engineer;Missouri CSS initiative;89329;Course application;2021-06-04T23:37:23;9207
6;connect parsing;Bike;indigo capacitor web-readiness;6007;Automotive client-server bleeding-edge;2021-06-04T17:44:32;58157
7;deposit invoice XML;withdrawal Barbados Dollar;Rustic Concrete Cheese;54244;yellow;2021-06-04T14:29:43;44235
8;Berkshire intangible;Technician;Executive;81169;local area network;2021-06-04T11:48:49;97628
9;Jersey e-services RSS;input;repurpose;14338;Frozen Baby;2021-06-04T14:17:59;79458
10;Granite;French Polynesia Avon;Beauty Gloves Plastic;15346;THX;2021-06-04T10:43:02;80941
