id;user_impact;code_action;content;impact_time;end_time;ip;name_client
1;Concrete;Horizontal Cotton Money Market Account;Implementation;2021-06-04T17:05:07;2021-06-04T14:15:57;Tasty Response;Money Market Account parsing hard drive
2;Sausages Checking Account;redundant Representative Towels;Investment Account Haven Consultant;2021-06-04T18:17:57;2021-06-04T20:46:33;Intuitive Dynamic withdrawal;payment Vietnam impactful
3;Ergonomic Principal technologies;Port deposit;Colorado Applications;2021-06-04T17:50:57;2021-06-04T20:02:32;invoice;cross-platform
4;Computer;RAM utilize;Cotton;2021-06-04T23:57:06;2021-06-04T21:30:56;Meadows;invoice
5;enhance;generating;auxiliary;2021-06-04T23:17:44;2021-06-04T18:58:45;maroon Internal;Programmable
6;USB bypass;Response interactive;Rhode Island;2021-06-04T17:38:19;2021-06-04T10:28:50;Illinois;strategy Sleek Steel Computer bandwidth-monitored
7;Applications Practical Granite Keyboard;Toys users;Bedfordshire;2021-06-04T17:35:10;2021-06-05T01:01:45;Mouse Incredible;Consultant Intelligent
8;Kyat Bahraini Dinar;Concrete GB;back up process improvement Handcrafted;2021-06-04T12:54:05;2021-06-04T10:27:12;moratorium Soft Principal;e-services
9;multi-state;Credit Card Account capability;input Wooden Car;2021-06-04T14:00:55;2021-06-04T19:02:11;metrics driver;Universal Georgia networks
10;multimedia;1080p;deposit schemas Parkways;2021-06-04T03:18:46;2021-06-04T12:28:34;Operative didactic;Rwanda orange
