id;name;code;id_type;id_part_topic;update_time;creation_time
1;grid-enabled even-keeled;SMTP Guadeloupe;32432;65402;2021-07-24T06:21:37;2021-07-24T15:25:03
2;New Hampshire;Incredible Fresh Tuna;62947;47790;2021-07-24T04:34:08;2021-07-24T10:22:26
3;withdrawal;Estate Borders bricks-and-clicks;53833;97618;2021-07-23T20:40:23;2021-07-24T01:16:33
4;Gorgeous Sleek Frozen Towels;Re-contextualized CSS Multi-lateral;83826;46264;2021-07-24T10:08:04;2021-07-23T22:56:43
5;supply-chains Soap Direct;Product Licensed Fresh Keyboard copy;95520;25089;2021-07-24T11:02:27;2021-07-24T07:48:52
6;visualize Money Market Account high-level;Sausages Home Loan Account;16617;30520;2021-07-24T02:18:18;2021-07-24T12:30:09
7;Islands Granite Baby;Grocery;97385;80046;2021-07-24T11:52:13;2021-07-24T13:05:13
8;Hill;initiatives;75313;56637;2021-07-23T18:13:20;2021-07-24T10:11:47
9;Practical neural payment;Washington;38017;17452;2021-07-23T18:59:26;2021-07-24T06:13:17
10;orange;withdrawal Fantastic;95803;67919;2021-07-23T19:42:09;2021-07-24T00:58:36
