id;name;full_name;pass;path_url;date_of_birth;mail;phone;status;reset_key;reset_date;creator;creation_time
1;secondary Direct multi-byte;Locks red reboot;Wallis and Futuna methodologies;Applications e-markets Dynamic;2021-06-04T04:23:41;HTTP;337.866.28;61007;programm;2021-06-04T06:40:09;executive;2021-06-04T21:24:06
2;Fish;Steel;hack Marketing;Practical;2021-06-04T03:18:16;Buckinghamshire;896-137-39;25440;Ecuador;2021-06-04T07:30:41;synthesize;2021-06-04T13:08:17
3;Legacy PCI;24/365;deposit FTP;installation Chair Concrete;2021-06-04T05:06:00;Cambridgeshire;039.062.56;8450;Granite ;2021-06-04T11:49:10;application;2021-06-04T16:59:15
4;connecting;Taiwan International communities;RSS;Accounts;2021-06-04T13:16:03;Nevada deposit;739-682-24;14188;infrastr;2021-06-04T22:48:32;override;2021-06-04T18:56:42
5;turquoise Colorado service-desk;Senior SMTP PNG;Engineer magenta Pants;Borders Generic;2021-06-04T12:55:56;compress;260.550.45;53814;Infrastr;2021-06-04T13:54:29;scalable infomediaries;2021-06-04T21:14:30
6;overriding Plaza;Tasty Soft Shoes intranet parse;Chicken;Kwacha Kentucky back up;2021-06-04T12:53:20;National Rubber;(886) 837-;20836;GB initi;2021-06-04T08:58:32;Tasty Metal Soap;2021-06-05T00:27:11
7;monitor withdrawal Handcrafted;killer;Kenyan Shilling B2B Oklahoma;Administrator;2021-06-04T23:12:06;architectures National;780-696-91;19578;Minnesot;2021-06-04T23:24:23;Toys;2021-06-04T22:57:44
8;Integration;architectures repurpose Chicken;Handcrafted;Bedfordshire Table;2021-06-04T08:23:50;Incredible;1-594-755-;79609;Coordina;2021-06-04T12:53:21;Kids withdrawal Electronics;2021-06-04T13:04:27
9;applications;transmitting XML program;optimal;blue;2021-06-04T16:56:31;Auto Loan Account;110-679-33;45110;green sa;2021-06-04T05:58:23;THX;2021-06-04T04:12:13
10;encoding;Small Soft Chair Ball;Intelligent Rubber Fish Up-sized Ethiopian Birr;deposit Borders local area network;2021-06-04T07:04:18;withdrawal Shores;853-570-49;9657;teal;2021-06-04T12:32:34;Phased Gloves;2021-06-04T17:31:04
